name,uuid,field_acad_program_title,field_level_title,field_entry_year_title,field_matriculation_number,field_entry_mode_title
AArshavin,bf97e00b-d9bb-4343-8700-f51b461a5d2f,"Bachelor of Dental Surgery (B.D.S.)",303784bc-13af-4575-aa09-09767905c37f,2012/2013,BDS201200029,70c3cc74-196f-4854-d133-67c5c537b609
ACole,7ba2f846-0e51-47c5-9730-48246c38e7ba,"Diploma in Data Processing",303784bc-13af-4575-aa09-09767905c37f,2012/2013,DDP201200033,70c3cc74-196f-4854-d133-67c5c537b609
ACornet,e7a9a07c-cb9d-4879-ad03-03671f35b875,"Bachelor of Dental Surgery (B.D.S.)",f0e655bc-4519-4095-a811-17a3eb7d8bf9,2013/2014,BDS201300193,70c3cc74-196f-4854-d133-67c5c537b609
ADiaby,4989d4d3-af55-492f-8600-a0be3418d70c,"Bachelor of Dental Surgery (B.D.S.)",4944ea70-8316-4c15-b700-fef7433b5b45,2011/2012,BDS201101132,70c3cc74-196f-4854-d133-67c5c537b609
AHleb,6ff66f47-29af-4218-904d-77fac29074fe,"Bachelor of Dental Surgery (B.D.S.)",1a1d2123-f804-4422-a804-4b8dbac66c09,2010/2011,BDS201000375,70c3cc74-196f-4854-d133-67c5c537b609
AIvanovic,944539d6-c418-49da-9709-09998827a638,"Bachelor of Dental Surgery (B.D.S.)",303784bc-13af-4575-aa09-09767905c37f,2012/2013,BDS201200037,70c3cc74-196f-4854-d133-67c5c537b609
AKerber,591d86ba-4313-4108-bf11-1751651eb2bc,"Bachelor of Dental Surgery (B.D.S.)",1a1d2123-f804-4422-a804-4b8dbac66c09,2010/2011,BDS201000378,70c3cc74-196f-4854-d133-67c5c537b609
ALimpar,3488a55c-c00b-4319-ac0d-13c68f22d538,"Diploma in Data Processing",f0e655bc-4519-4095-a811-17a3eb7d8bf9,2013/2014,DDP201300237,70c3cc74-196f-4854-d133-67c5c537b609
ALinighan,a61f25ce-0b67-4d5d-8004-4f5e895009bb,"Diploma in Data Processing",f0e655bc-4519-4095-a811-17a3eb7d8bf9,2013/2014,DDP201300238,70c3cc74-196f-4854-d133-67c5c537b609
AOxladeChamberlain,7f71c917-88ca-4167-9800-e031deb7375c,"Bachelor of Dental Surgery (B.D.S.)",f0e655bc-4519-4095-a811-17a3eb7d8bf9,2013/2014,BDS201300186,70c3cc74-196f-4854-d133-67c5c537b609
APavlyuchenkova,d5ddcbe7-54cd-44cd-8300-e26098bccc7f,"Bachelor of Dental Surgery (B.D.S.)",303784bc-13af-4575-aa09-09767905c37f,2012/2013,BDS201200044,70c3cc74-196f-4854-d133-67c5c537b609
ARadwanska,493dae2e-6c8a-4884-8a46-7099298c2689,"Bachelor of Dental Surgery (B.D.S.)",bd4ee85a-f69c-433d-a203-3ddabdbcff0b,2008/2009,BDS200800034,70c3cc74-196f-4854-d133-67c5c537b609
ARamsey,3d5afb0a-817b-4042-b742-663b7767ae14,"Bachelor of Dental Surgery (B.D.S.)",303784bc-13af-4575-aa09-09767905c37f,2012/2013,BDS201200027,70c3cc74-196f-4854-d133-67c5c537b609
ASmith,4789d353-fcc2-4cb8-bf00-c1bf44a7ef6b,"Bachelor of Science (Biochemistry)",f0e655bc-4519-4095-a811-17a3eb7d8bf9,2013/2014,BCH201300592,70c3cc74-196f-4854-d133-67c5c537b609
ASong,15ce4210-e34d-4707-b900-e03ed45e5c8b,"Bachelor of Dental Surgery (B.D.S.)",4944ea70-8316-4c15-b700-fef7433b5b45,2011/2012,BDS201101128,70c3cc74-196f-4854-d133-67c5c537b609
BJovanovski,8ec425f2-dd74-4c4c-a500-e6718d46feda,"Diploma in Data Processing",303784bc-13af-4575-aa09-09767905c37f,2012/2013,DDP201200036,70c3cc74-196f-4854-d133-67c5c537b609
BSagna,0cdd42ea-0916-440d-8200-e6e8ba46cd19,"Bachelor of Dental Surgery (B.D.S.)",303784bc-13af-4575-aa09-09767905c37f,2012/2013,BDS201200026,70c3cc74-196f-4854-d133-67c5c537b609
CFabregas,6780226f-67c1-4a9a-b000-ec8cd5257f59,"Bachelor of Dental Surgery (B.D.S.)",7231ff2c-8ffb-4da9-9400-b3d3f0d789bd,2010/2011,BDS201000367,c537d972-74fe-03d4-0911-a554ac484ae9
CJenkinson,88be193a-c00e-4fbd-9b03-3bb4bb154fee,"Bachelor of Dental Surgery (B.D.S.)",f0e655bc-4519-4095-a811-17a3eb7d8bf9,2013/2014,BDS201300177,70c3cc74-196f-4854-d133-67c5c537b609
CNavarro,6e48bb5e-2289-4046-a100-e6f39853b537,"Bachelor of Dental Surgery (B.D.S.)",303784bc-13af-4575-aa09-09767905c37f,2012/2013,BDS201200040,70c3cc74-196f-4854-d133-67c5c537b609
CWozniacki,c4853207-4839-42f5-9747-71044ecef091,"Bachelor of Dental Surgery (B.D.S.)",1a1d2123-f804-4422-a804-4b8dbac66c09,2011/2012,BDS201101135,c537d972-74fe-03d4-0911-a554ac484ae9
DBergkamp,12ddb71f-3a3a-4779-be09-9e4a83f4f571,"Diploma in Data Processing",f0e655bc-4519-4095-a811-17a3eb7d8bf9,2013/2014,DDP201300243,70c3cc74-196f-4854-d133-67c5c537b609
DCibulkova,2fa7a3b0-af4c-484f-bd06-6e51be9cef99,"Bachelor of Dental Surgery (B.D.S.)",303784bc-13af-4575-aa09-09767905c37f,2012/2013,BDS201200041,70c3cc74-196f-4854-d133-67c5c537b609
DHantuchova,ddb1efed-06c6-4d5c-8307-7eb5d84d9d3e,"Bachelor of Science (Biochemistry)",4944ea70-8316-4c15-b700-fef7433b5b45,2011/2012,BCH201100109,70c3cc74-196f-4854-d133-67c5c537b609
DHillier,4ac425e3-ecfb-43a3-9d5e-945ae57b0c4b,"Diploma in Data Processing",f0e655bc-4519-4095-a811-17a3eb7d8bf9,2013/2014,DDP201300236,70c3cc74-196f-4854-d133-67c5c537b609
DPlatt,a369981a-236a-40e6-8413-19aab27daa23,"Diploma in Data Processing",303784bc-13af-4575-aa09-09767905c37f,2012/2013,DDP201200027,70c3cc74-196f-4854-d133-67c5c537b609
DSeaman,ace5a173-0fa7-4042-b000-b775c4c441c3,"Diploma in Data Processing",f0e655bc-4519-4095-a811-17a3eb7d8bf9,2013/2014,DDP201300239,70c3cc74-196f-4854-d133-67c5c537b609
EAdebayor,bfa35c61-1219-4647-b508-8e22cacf6062,"Bachelor of Dental Surgery (B.D.S.)",4944ea70-8316-4c15-b700-fef7433b5b45,2011/2012,BDS201101129,70c3cc74-196f-4854-d133-67c5c537b609
EEboue,f6597fac-fbe0-4736-8700-a40128591215,"Bachelor of Dental Surgery (B.D.S.)",1a1d2123-f804-4422-a804-4b8dbac66c09,2010/2011,BDS201000374,70c3cc74-196f-4854-d133-67c5c537b609
EFrimpong,b06c35d2-fecd-4326-bb25-37c38b9c049c,"Bachelor of Dental Surgery (B.D.S.)",f0e655bc-4519-4095-a811-17a3eb7d8bf9,2013/2014,BDS201300182,70c3cc74-196f-4854-d133-67c5c537b609
EMakarova,813ae418-d2fe-4f6a-bf39-57df91d50b7b,"Bachelor of Dental Surgery (B.D.S.)",f0e655bc-4519-4095-a811-17a3eb7d8bf9,2013/2014,BDS201300189,70c3cc74-196f-4854-d133-67c5c537b609
EPetit,31d2caaa-13f3-42df-b500-fea0cec48f39,"Diploma in Data Processing",303784bc-13af-4575-aa09-09767905c37f,2012/2013,DDP201200031,70c3cc74-196f-4854-d133-67c5c537b609
EVesnina,5f4a48db-c301-4fc5-8e01-1f171acc6858,"Bachelor of Dental Surgery (B.D.S.)",303784bc-13af-4575-aa09-09767905c37f,2012/2013,BDS201200042,70c3cc74-196f-4854-d133-67c5c537b609
FLjungberg,2316dcac-dc3a-4dcd-9020-32f0c37c756e,"Diploma in Data Processing",303784bc-13af-4575-aa09-09767905c37f,2012/2013,DDP201200032,70c3cc74-196f-4854-d133-67c5c537b609
GClichy,e2c58749-24aa-45b0-b606-6d7d702d9aa0,"Bachelor of Dental Surgery (B.D.S.)",7231ff2c-8ffb-4da9-9400-b3d3f0d789bd,2010/2011,BDS201000368,c537d972-74fe-03d4-0911-a554ac484ae9
GGrimandi,d14896a7-84f7-46cd-9701-1fc7e5620e70,"Diploma in Data Processing",303784bc-13af-4575-aa09-09767905c37f,2012/2013,DDP201200029,70c3cc74-196f-4854-d133-67c5c537b609
GSilva,2f511fad-b526-44ac-b700-b1daa28a3d2d,"Bachelor of Dental Surgery (B.D.S.)",bd4ee85a-f69c-433d-a203-3ddabdbcff0b,2008/2009,BDS200800030,70c3cc74-196f-4854-d133-67c5c537b609
IWright,2b6c151d-741a-4b59-8000-d8428f180b16,"Diploma in Data Processing",f0e655bc-4519-4095-a811-17a3eb7d8bf9,2013/2014,DDP201300240,70c3cc74-196f-4854-d133-67c5c537b609
JCampbell,cc6ab21d-100e-4720-a200-cc3c5dd668f4,"Bachelor of Dental Surgery (B.D.S.)",f0e655bc-4519-4095-a811-17a3eb7d8bf9,2013/2014,BDS201300188,70c3cc74-196f-4854-d133-67c5c537b609
JDjourou,6ec89bf0-2947-4282-9025-37280ebff02f,"Bachelor of Dental Surgery (B.D.S.)",1a1d2123-f804-4422-a804-4b8dbac66c09,2010/2011,BDS201000373,70c3cc74-196f-4854-d133-67c5c537b609
JGoerges,2b91190f-316e-4cec-8703-3cd42b58190e,"Bachelor of Science (Biochemistry)",4944ea70-8316-4c15-b700-fef7433b5b45,2011/2012,BCH201100107,70c3cc74-196f-4854-d133-67c5c537b609
JHampton,dd863559-35fc-4165-a100-d5ff56c39610,"Bachelor of Dental Surgery (B.D.S.)",f0e655bc-4519-4095-a811-17a3eb7d8bf9,2013/2014,BDS201300192,70c3cc74-196f-4854-d133-67c5c537b609
JJankovic,ade9f6af-153f-4228-af00-f6f620cdd4c0,"Bachelor of Dental Surgery (B.D.S.)",4944ea70-8316-4c15-b700-fef7433b5b45,2011/2012,BDS201101138,70c3cc74-196f-4854-d133-67c5c537b609
JJensen,6f4a2a68-dbdd-41db-8d23-35857b98f6c3,"Diploma in Data Processing",f0e655bc-4519-4095-a811-17a3eb7d8bf9,2013/2014,DDP201300241,70c3cc74-196f-4854-d133-67c5c537b609
JLehmann,e5e3eab7-241e-4c25-bc10-16265f5d1641,"Bachelor of Dental Surgery (B.D.S.)",7231ff2c-8ffb-4da9-9400-b3d3f0d789bd,2009/2010,BDS200900120,70c3cc74-196f-4854-d133-67c5c537b609
JReyes,a7f884a0-fc0d-4bdb-bf01-01641562a737,"Bachelor of Dental Surgery (B.D.S.)",7231ff2c-8ffb-4da9-9400-b3d3f0d789bd,2010/2011,BDS201000371,c537d972-74fe-03d4-0911-a554ac484ae9
JWilshere,067e565a-a4cc-4045-9000-a13dd895a853,"Bachelor of Dental Surgery (B.D.S.)",f0e655bc-4519-4095-a811-17a3eb7d8bf9,2013/2014,BDS201300180,70c3cc74-196f-4854-d133-67c5c537b609
KCampbell,9c764404-3b47-4abc-8c2e-46fe98392bac,"Bachelor of Science (Biochemistry)",1a1d2123-f804-4422-a804-4b8dbac66c09,2010/2011,BCH201001134,70c3cc74-196f-4854-d133-67c5c537b609
KFlipkens,8454e35d-77e1-4dd3-ac05-5eaa9f9b089f,"Bachelor of Dental Surgery (B.D.S.)",4944ea70-8316-4c15-b700-fef7433b5b45,2011/2012,BDS201101139,70c3cc74-196f-4854-d133-67c5c537b609
KGibbs,67227e4f-5a0a-4c2e-b547-71ac42b6a9a8,"Bachelor of Dental Surgery (B.D.S.)",f0e655bc-4519-4095-a811-17a3eb7d8bf9,2013/2014,BDS201300178,70c3cc74-196f-4854-d133-67c5c537b609
KKanepi,fd8460bc-6724-4909-9b00-bc753176c41e,"Bachelor of Dental Surgery (B.D.S.)",303784bc-13af-4575-aa09-09767905c37f,2012/2013,BDS201200045,70c3cc74-196f-4854-d133-67c5c537b609
KMladenovic,c1a0e81c-f6a1-4c5c-9900-0d0560bd2569,"Bachelor of Science (Biochemistry)",f0e655bc-4519-4095-a811-17a3eb7d8bf9,2013/2014,BCH201300593,70c3cc74-196f-4854-d133-67c5c537b609
KRichardson,1c1d472d-0edd-4dd3-ac43-67061f54c718,"Bachelor of Science (Biochemistry)",303784bc-13af-4575-aa09-09767905c37f,2012/2013,BCH201200067,70c3cc74-196f-4854-d133-67c5c537b609
KToure,c01acc96-2124-4c12-8300-a8181bd01145,"Bachelor of Dental Surgery (B.D.S.)",7231ff2c-8ffb-4da9-9400-b3d3f0d789bd,2009/2010,BDS200900119,70c3cc74-196f-4854-d133-67c5c537b609
KZakopalova,e50f20cd-4f9a-4378-a91a-267bba2f0bab,"Diploma in Data Processing",303784bc-13af-4575-aa09-09767905c37f,2012/2013,DDP201200035,70c3cc74-196f-4854-d133-67c5c537b609
LDixon,8133cf81-2388-4f60-a000-dfaab7c2f966,"Bachelor of Science (Biochemistry)",1a1d2123-f804-4422-a804-4b8dbac66c09,2011/2012,BCH201100105,c537d972-74fe-03d4-0911-a554ac484ae9
LFabianski,bf799cef-9eb2-4360-883a-584809d2f451,"Bachelor of Dental Surgery (B.D.S.)",303784bc-13af-4575-aa09-09767905c37f,2012/2013,BDS201200031,70c3cc74-196f-4854-d133-67c5c537b609
LiNa,78382237-39dd-42f4-a400-0bab94d551b6,"Bachelor of Dental Surgery (B.D.S.)",7231ff2c-8ffb-4da9-9400-b3d3f0d789bd,2009/2010,BDS200900122,70c3cc74-196f-4854-d133-67c5c537b609
LKoscielny,97c5f895-0890-4c78-a300-c13f0228e5c2,"Bachelor of Dental Surgery (B.D.S.)",303784bc-13af-4575-aa09-09767905c37f,2012/2013,BDS201200034,70c3cc74-196f-4854-d133-67c5c537b609
LPodolski,b101c952-4cd2-4a90-a75f-95477c520dae,"Bachelor of Dental Surgery (B.D.S.)",f0e655bc-4519-4095-a811-17a3eb7d8bf9,2013/2014,BDS201300184,70c3cc74-196f-4854-d133-67c5c537b609
LRobson,e8d992f8-6048-422d-b854-8464b37bfc2c,"Bachelor of Dental Surgery (B.D.S.)",f0e655bc-4519-4095-a811-17a3eb7d8bf9,2013/2014,BDS201300195,70c3cc74-196f-4854-d133-67c5c537b609
LSafarova,83c06ee6-17f3-435f-812e-4631588d2f90,"Bachelor of Dental Surgery (B.D.S.)",f0e655bc-4519-4095-a811-17a3eb7d8bf9,2013/2014,BDS201300191,70c3cc74-196f-4854-d133-67c5c537b609
MAlmunia,6c85e59b-3c2f-47d0-af00-fdc568dcc4a5,"Bachelor of Dental Surgery (B.D.S.)",7231ff2c-8ffb-4da9-9400-b3d3f0d789bd,2010/2011,BDS201000370,c537d972-74fe-03d4-0911-a554ac484ae9
MArteta,4cb0ce54-f781-4758-b405-5bde10165e90,"Bachelor of Dental Surgery (B.D.S.)",f0e655bc-4519-4095-a811-17a3eb7d8bf9,2013/2014,BDS201300179,70c3cc74-196f-4854-d133-67c5c537b609
MBarthel,ad43c821-8e8d-451b-9500-b0b29f404449,"Bachelor of Dental Surgery (B.D.S.)",f0e655bc-4519-4095-a811-17a3eb7d8bf9,2013/2014,BDS201300194,70c3cc74-196f-4854-d133-67c5c537b609
MBartoli,4953872c-e5f5-4f7e-ac34-5232f5cbca52,"Bachelor of Dental Surgery (B.D.S.)",1a1d2123-f804-4422-a804-4b8dbac66c09,2010/2011,BDS201000377,70c3cc74-196f-4854-d133-67c5c537b609
MFlamini,a80c0cdb-2b60-47f7-bb02-02e17469ea92,"Bachelor of Dental Surgery (B.D.S.)",1a1d2123-f804-4422-a804-4b8dbac66c09,2010/2011,BDS201000372,70c3cc74-196f-4854-d133-67c5c537b609
MKeown,f6c5ab9d-f1ec-4371-bf05-5d762e4ee58f,"Bachelor of Science (Biochemistry)",f0e655bc-4519-4095-a811-17a3eb7d8bf9,2013/2014,BCH201300589,70c3cc74-196f-4854-d133-67c5c537b609
MKeys,0bdae259-e365-4f75-822d-4518eff8a093,"Bachelor of Science (Biochemistry)",4944ea70-8316-4c15-b700-fef7433b5b45,2011/2012,BCH201100108,70c3cc74-196f-4854-d133-67c5c537b609
MKirilenko,e99ac6b9-549d-487b-b908-8b9c7a156edf,"Bachelor of Dental Surgery (B.D.S.)",4944ea70-8316-4c15-b700-fef7433b5b45,2011/2012,BDS201101136,70c3cc74-196f-4854-d133-67c5c537b609
MNiculescu,6c586f2b-f9c9-471b-9800-cb390099b4a3,"Bachelor of Science (Biochemistry)",1a1d2123-f804-4422-a804-4b8dbac66c09,2010/2011,BCH201001138,70c3cc74-196f-4854-d133-67c5c537b609
MOvermars,18724496-e113-4c33-855c-92ee0f764de9,"Diploma in Data Processing",303784bc-13af-4575-aa09-09767905c37f,2012/2013,DDP201200030,70c3cc74-196f-4854-d133-67c5c537b609
MPuig,394656f4-c195-4c68-8b00-afd0f841f211,"Bachelor of Science (Biochemistry)",1a1d2123-f804-4422-a804-4b8dbac66c09,2010/2011,BCH201001139,70c3cc74-196f-4854-d133-67c5c537b609
MRybarikova,02dc2cab-9bdf-46e6-9f01-1b54507bfaa4,"Bachelor of Science (Biochemistry)",303784bc-13af-4575-aa09-09767905c37f,2012/2013,BCH201200070,70c3cc74-196f-4854-d133-67c5c537b609
MSharapova,b7ea2109-e114-4bf9-a311-17a1ca9d335b,"Bachelor of Dental Surgery (B.D.S.)",bd4ee85a-f69c-433d-a203-3ddabdbcff0b,2008/2009,BDS200800032,70c3cc74-196f-4854-d133-67c5c537b609
MThomas,9bbb5752-cc3d-4c6a-a600-d56e67d2f163,"Bachelor of Science (Biochemistry)",303784bc-13af-4575-aa09-09767905c37f,2012/2013,BCH201200068,70c3cc74-196f-4854-d133-67c5c537b609
NBendtner,a6f61b0f-5d2d-4261-b900-a23b2e295f6a,"Bachelor of Dental Surgery (B.D.S.)",1a1d2123-f804-4422-a804-4b8dbac66c09,2010/2011,BDS201000376,70c3cc74-196f-4854-d133-67c5c537b609
NKanu,b8888454-3009-4848-8809-9dc556f50f8f,"Bachelor of Dental Surgery (B.D.S.)",bd4ee85a-f69c-433d-a203-3ddabdbcff0b,2008/2009,BDS200800026,70c3cc74-196f-4854-d133-67c5c537b609
NMonreal,cae5de4a-5730-441d-8200-c26bb7efcbde,"Bachelor of Dental Surgery (B.D.S.)",303784bc-13af-4575-aa09-09767905c37f,2012/2013,BDS201200035,70c3cc74-196f-4854-d133-67c5c537b609
NPetrova,85ffac08-b33c-44b4-8f59-8917b8a9703b,"Bachelor of Dental Surgery (B.D.S.)",303784bc-13af-4575-aa09-09767905c37f,2012/2013,BDS201200039,70c3cc74-196f-4854-d133-67c5c537b609
NWinterburn,55a70af0-aae1-4487-b800-c9666eaa6584,"Bachelor of Science (Biochemistry)",1a1d2123-f804-4422-a804-4b8dbac66c09,2011/2012,BCH201100106,c537d972-74fe-03d4-0911-a554ac484ae9
OGiroud,01f0a6f7-b112-470f-8a4c-76135d1c1545,"Bachelor of Dental Surgery (B.D.S.)",f0e655bc-4519-4095-a811-17a3eb7d8bf9,2013/2014,BDS201300185,70c3cc74-196f-4854-d133-67c5c537b609
OLuzhny,b8b67542-c4b7-4226-b100-e2827d8dc596,"Bachelor of Dental Surgery (B.D.S.)",bd4ee85a-f69c-433d-a203-3ddabdbcff0b,2008/2009,BDS200800027,70c3cc74-196f-4854-d133-67c5c537b609
PGroves,0294ee0f-5f52-4253-ab08-8ad0a90fd676,"Bachelor of Science (Biochemistry)",f0e655bc-4519-4095-a811-17a3eb7d8bf9,2013/2014,BCH201300590,70c3cc74-196f-4854-d133-67c5c537b609
PKvitova,dac51444-a6e0-4d53-944d-77466a5462ed,"Bachelor of Dental Surgery (B.D.S.)",1a1d2123-f804-4422-a804-4b8dbac66c09,2011/2012,BDS201101134,2cb8a68a-f887-a924-697c-c5ff09ee6331
PMersin,b8e7bcf5-240e-4935-a200-ee544e922522,"Bachelor of Science (Biochemistry)",f0e655bc-4519-4095-a811-17a3eb7d8bf9,2013/2014,BCH201300591,70c3cc74-196f-4854-d133-67c5c537b609
PMertesacker,7bd74f3a-1f7b-4001-a400-f0c3c43083d6,"Bachelor of Dental Surgery (B.D.S.)",303784bc-13af-4575-aa09-09767905c37f,2012/2013,BDS201200032,70c3cc74-196f-4854-d133-67c5c537b609
PSenderos,4a923f00-7c88-4a04-a900-cd588ffcd9f3,"Bachelor of Dental Surgery (B.D.S.)",7231ff2c-8ffb-4da9-9400-b3d3f0d789bd,2010/2011,BDS201000369,c537d972-74fe-03d4-0911-a554ac484ae9
PShuai,0485451f-0102-43de-9a61-97eb2b51ddf3,"Diploma in Data Processing",f0e655bc-4519-4095-a811-17a3eb7d8bf9,2013/2014,DDP201300244,70c3cc74-196f-4854-d133-67c5c537b609
PVieira,cac3337b-15ee-400c-9300-b63392bf089d,"Diploma in Data Processing",303784bc-13af-4575-aa09-09767905c37f,2012/2013,DDP201200028,70c3cc74-196f-4854-d133-67c5c537b609
RMiyaichi,7b13efa4-5dbe-4c78-9a07-076f332aa79f,"Bachelor of Dental Surgery (B.D.S.)",f0e655bc-4519-4095-a811-17a3eb7d8bf9,2013/2014,BDS201300183,70c3cc74-196f-4854-d133-67c5c537b609
RoOprandi,e549b8d9-0767-4989-8605-5ea9bcd407be,"Bachelor of Science (Biochemistry)",4944ea70-8316-4c15-b700-fef7433b5b45,2012/2013,BCH201200077,2cb8a68a-f887-a924-697c-c5ff09ee6331
RParlour,7ad6cc04-4ee0-489c-ad00-c94bada80699,"Diploma in Data Processing",f0e655bc-4519-4095-a811-17a3eb7d8bf9,2013/2014,DDP201300242,70c3cc74-196f-4854-d133-67c5c537b609
RPersie,c6234781-a493-4dc9-b700-f3cb723aef9e,"Bachelor of Dental Surgery (B.D.S.)",7231ff2c-8ffb-4da9-9400-b3d3f0d789bd,2009/2010,BDS200900121,70c3cc74-196f-4854-d133-67c5c537b609
RVinci,a309c84a-3760-45fa-bf00-a27333e500f0,"Bachelor of Dental Surgery (B.D.S.)",1a1d2123-f804-4422-a804-4b8dbac66c09,2010/2011,BDS201000379,70c3cc74-196f-4854-d133-67c5c537b609
SBould,2eee2515-b4c7-48d9-9903-3cfb1c56b0d0,"Bachelor of Science (Biochemistry)",4944ea70-8316-4c15-b700-fef7433b5b45,2011/2012,BCH201100103,70c3cc74-196f-4854-d133-67c5c537b609
SCampbell,672ba450-4e99-4a87-8f62-98346cb8fd5c,"Bachelor of Dental Surgery (B.D.S.)",bd4ee85a-f69c-433d-a203-3ddabdbcff0b,2008/2009,BDS200800029,70c3cc74-196f-4854-d133-67c5c537b609
SCazorla,281948e1-2a6c-4fcf-bd4b-753dcbbddd28,"Bachelor of Dental Surgery (B.D.S.)",f0e655bc-4519-4095-a811-17a3eb7d8bf9,2013/2014,BDS201300181,70c3cc74-196f-4854-d133-67c5c537b609
SCirstea,c537e711-d892-4a79-a348-720f5c1e3f04,"Bachelor of Dental Surgery (B.D.S.)",f0e655bc-4519-4095-a811-17a3eb7d8bf9,2013/2014,BDS201300196,70c3cc74-196f-4854-d133-67c5c537b609
SErrani,f92309b4-e524-4259-b64c-76a6d7b9bf18,"Bachelor of Dental Surgery (B.D.S.)",7231ff2c-8ffb-4da9-9400-b3d3f0d789bd,2009/2010,BDS200900123,70c3cc74-196f-4854-d133-67c5c537b609
SHalep,4f9a696a-2811-40a8-b44d-77b089d3d804,"Bachelor of Dental Surgery (B.D.S.)",303784bc-13af-4575-aa09-09767905c37f,2012/2013,BDS201200043,70c3cc74-196f-4854-d133-67c5c537b609
SHsieh,3d2ab64a-1f95-4381-b941-65858755ff28,"Bachelor of Science (Biochemistry)",303784bc-13af-4575-aa09-09767905c37f,2012/2013,BCH201200071,70c3cc74-196f-4854-d133-67c5c537b609
SKuznetsova,ad0bb4d8-d193-4bf0-984e-78eefd6fdb05,"Bachelor of Dental Surgery (B.D.S.)",f0e655bc-4519-4095-a811-17a3eb7d8bf9,2013/2014,BDS201300190,70c3cc74-196f-4854-d133-67c5c537b609
SLisicki,aadc9956-3e92-478e-ab00-ca5ca30110a7,"Bachelor of Dental Surgery (B.D.S.)",303784bc-13af-4575-aa09-09767905c37f,2012/2013,BDS201200038,70c3cc74-196f-4854-d133-67c5c537b609
SNasri,f9d200b5-c1f1-4093-ac00-cd5052a687ea,"Bachelor of Dental Surgery (B.D.S.)",303784bc-13af-4575-aa09-09767905c37f,2012/2013,BDS201200028,70c3cc74-196f-4854-d133-67c5c537b609
SStephens,56920897-1178-4cd3-be07-7f77abcc5d67,"Bachelor of Dental Surgery (B.D.S.)",303784bc-13af-4575-aa09-09767905c37f,2012/2013,BDS201200036,70c3cc74-196f-4854-d133-67c5c537b609
SStosur,f3ed282c-4357-41c7-b724-3660e0c93215,"Bachelor of Dental Surgery (B.D.S.)",4944ea70-8316-4c15-b700-fef7433b5b45,2011/2012,BDS201101137,70c3cc74-196f-4854-d133-67c5c537b609
SWilliams,0787e94d-d807-43f4-990c-124baeb068fd,"Bachelor of Dental Surgery (B.D.S.)",bd4ee85a-f69c-433d-a203-3ddabdbcff0b,2008/2009,BDS200800031,70c3cc74-196f-4854-d133-67c5c537b609
SWiltord,8b54c55d-cdde-444a-bd00-c979eb3ed63a,"Bachelor of Dental Surgery (B.D.S.)",bd4ee85a-f69c-433d-a203-3ddabdbcff0b,2008/2009,BDS200800028,70c3cc74-196f-4854-d133-67c5c537b609
THenry,a95c7ad7-75d0-462f-9600-ce7ee6fa02e3,"Bachelor of Dental Surgery (B.D.S.)",bd4ee85a-f69c-433d-a203-3ddabdbcff0b,2008/2009,BDS200800025,70c3cc74-196f-4854-d133-67c5c537b609
TRosicki,cde57777-a15c-4544-870d-1332d48bbc97,"Bachelor of Dental Surgery (B.D.S.)",4944ea70-8316-4c15-b700-fef7433b5b45,2011/2012,BDS201101133,70c3cc74-196f-4854-d133-67c5c537b609
TVermaelen,edd9900d-9a64-4979-8800-e9b59176b931,"Bachelor of Dental Surgery (B.D.S.)",303784bc-13af-4575-aa09-09767905c37f,2012/2013,BDS201200033,70c3cc74-196f-4854-d133-67c5c537b609
TWalcott,ca0c478a-e60b-4399-a900-efc378f44b9b,"Bachelor of Dental Surgery (B.D.S.)",4944ea70-8316-4c15-b700-fef7433b5b45,2011/2012,BDS201101131,70c3cc74-196f-4854-d133-67c5c537b609
URadwanska,8224274f-4342-45b9-8d00-d8b0eb7e3347,"Bachelor of Science (Biochemistry)",303784bc-13af-4575-aa09-09767905c37f,2012/2013,BCH201200069,70c3cc74-196f-4854-d133-67c5c537b609
VAzarenka,f3fb8893-0ab2-4aa7-9c00-f5dcbc61da6c,"Bachelor of Dental Surgery (B.D.S.)",bd4ee85a-f69c-433d-a203-3ddabdbcff0b,2008/2009,BDS200800033,70c3cc74-196f-4854-d133-67c5c537b609
VLepchenko,db211f5d-cdf3-4803-ba29-417fc5f5a315,"Diploma in Data Processing",303784bc-13af-4575-aa09-09767905c37f,2012/2013,DDP201200034,70c3cc74-196f-4854-d133-67c5c537b609
VWilliams,3b42f943-e32c-4878-8803-3ade12086d93,"Diploma in Data Processing",f0e655bc-4519-4095-a811-17a3eb7d8bf9,2013/2014,DDP201300245,70c3cc74-196f-4854-d133-67c5c537b609
WGallas,38e07770-5c14-4ebd-8b31-49b62a96e5ae,"Bachelor of Dental Surgery (B.D.S.)",4944ea70-8316-4c15-b700-fef7433b5b45,2011/2012,BDS201101130,70c3cc74-196f-4854-d133-67c5c537b609
WSzczesny,50af0042-121c-414c-9a09-9a46665752d5,"Bachelor of Dental Surgery (B.D.S.)",303784bc-13af-4575-aa09-09767905c37f,2012/2013,BDS201200030,70c3cc74-196f-4854-d133-67c5c537b609
YSanogo,3cf8453d-794f-48b2-8d00-a6ad7141c50a,"Bachelor of Dental Surgery (B.D.S.)",f0e655bc-4519-4095-a811-17a3eb7d8bf9,2013/2014,BDS201300187,70c3cc74-196f-4854-d133-67c5c537b609