{
  "action_fingerprints": {
    "action_listen": {
      "slots": [
        "usercropimage"
      ]
    },
    "addtosection_form": {
      "slots": [
        "sectionfieldname",
        "requested_slot",
        "nodepagepathornodeid",
        "sectionfieldvalue"
      ]
    },
    "addblock_form": {
      "slots": [
        "contentregion",
        "requested_slot",
        "blockdescription",
        "blocktitle",
        "blockbodycontent"
      ]
    },
    "imagecrop_form": {
      "slots": [
        "requested_slot",
        "croppedimageurl",
        "cropimage"
      ]
    },
    "ActionReplaceCroppedimage": {
      "slots": []
    },
    "utter_greet": {
      "slots": []
    }
  },
  "python": "3.6.0",
  "max_histories": [
    5,
    3,
    2
  ],
  "ensemble_name": "rasa_core.policies.ensemble.SimplePolicyEnsemble",
  "policy_names": [
    "rasa_core.policies.memoization.MemoizationPolicy",
    "rasa_core.policies.keras_policy.KerasPolicy",
    "rasa_core.policies.form_policy.FormPolicy"
  ],
  "trained_at": "20190419-124636",
  "rasa_core": "0.13.3",
  "tensorflow": "1.12.0",
  "sklearn": "0.20.3"
}