{
  "rasa_nlu_data": {
	"regex_features": [
		{
			"name": "blocktitle",
			"pattern": ".*"
		},
		{
			"name": "blockbodycontent",
			"pattern": ".*"
		},
		{
			"name": "blockdescription",
			"pattern": ".*"
		},
		{
			"name": "cropimage",
			"pattern": ".*"
		}

		
		
		
	],
    "common_examples": [
		{
		"text": "Hello",
		"intent": "greet",
		"entities": []
		},
		{
		"text": "goodbye",
		"intent": "goodbye",
		"entities": []
		},
		{
		"text": "hey",
		"intent": "greet",
		"entities": []
		},
		{
		"text": "hello",
		"intent": "greet",
		"entities": []
		},
		{
		"text": "hi",
		"intent": "greet",
		"entities": []
		},
		{
		"text": "heya",
		"intent": "greet",
		"entities": []
		},
		{
		"text": "howdy",
		"intent": "greet",
		"entities": []
		},
		{
		"text": "hey there",
		"intent": "greet",
		"entities": []
		},
		{
		"text": "bye",
		"intent": "goodbye",
		"entities": []
		},
		{
		"text": "goodbye",
		"intent": "goodbye",
		"entities": []
		},
		{
		"text": "bye bye",
		"intent": "goodbye",
		"entities": []
		},
		{
		"text": "see ya",
		"intent": "goodbye",
		"entities": []
		},
		{
		"text": "see you later",
		"intent": "goodbye",
		"entities": []
		},
		{
		"text": "image crop",
		"intent": "request_cropimagepath",
		"entities": []
		},
		{
		"text": "crop based on face detection",
		"intent": "request_cropimagepath",
		"entities": []
		},
		{
		"text": "face detection crop",
		"intent": "request_cropimagepath",
		"entities": []
		},
		{
		"text": "add a block",
		"intent": "request_addblock",
		"entities": []
		},     
		{
		"text": "add a block to the page",
		"intent": "request_addblock",
		"entities": []
		},     
		{
		"text": "add block",
		"intent": "request_addblock",
		"entities": []
		},      
		{
		"text": "insert block",
		"intent": "request_addblock",
		"entities": []
		},
		{
		"text": "block",
		"intent": "request_addblock",
		"entities": []
		},
		{
		"text": "add to section",
		"intent": "addtopagesection",
		"entities": []
		},
		{
		"text": "show section",
		"intent": "addtopagesection",
		"entities": []
		},
		{
		"text": "section",
		"intent": "addtopagesection",
		"entities": []
		}		



    ]
  }
}