{"py/object": "rasa_core.featurizers.MaxHistoryTrackerFeaturizer", "max_history": 3, "remove_duplicates": true, "state_featurizer": {"py/object": "rasa_core.featurizers.BinarySingleStateFeaturizer", "input_state_map": {"active_form_addblock_form": 55, "active_form_addtosection_form": 57, "active_form_imagecrop_form": 56, "entity_blockbodycontent": 20, "entity_blockdescription": 19, "entity_blocktitle": 18, "entity_cropimage": 17, "intent_addtopagesection": 0, "intent_entered_blockbodycontent": 1, "intent_entered_blockdescription": 2, "intent_entered_blocktitle": 3, "intent_entered_cropimagepath": 4, "intent_entered_nodepagepathornodeid": 5, "intent_entered_sectionfieldname": 6, "intent_enteredcropimagepath": 7, "intent_goodbye": 8, "intent_greet": 9, "intent_inform": 10, "intent_request_addblock": 11, "intent_request_cropimagepath": 12, "intent_request_restaurant": 13, "intent_selected_contentregion": 14, "intent_selectsections": 15, "intent_yesReplaceCroppedimage": 16, "prev_ActionReplaceCroppedimage": 42, "prev_action_deactivate_form": 35, "prev_action_default_ask_affirmation": 37, "prev_action_default_ask_rephrase": 38, "prev_action_default_fallback": 34, "prev_action_listen": 32, "prev_action_restart": 33, "prev_action_revert_fallback_events": 36, "prev_addblock_form": 52, "prev_addblocktoregion": 50, "prev_addtosection_form": 54, "prev_imagecrop_form": 53, "prev_utter_ask_blockbodycontent": 48, "prev_utter_ask_blockdescription": 47, "prev_utter_ask_blocktitle": 46, "prev_utter_ask_cropimage": 41, "prev_utter_ask_nodepagepathornodeid": 51, "prev_utter_blockbodycontent": 45, "prev_utter_blockdescription": 44, "prev_utter_blocktitle": 43, "prev_utter_goodbye": 40, "prev_utter_greet": 39, "prev_utter_submitcreatedblock": 49, "slot_blockbodycontent_0": 21, "slot_blockdescription_0": 22, "slot_blocktitle_0": 23, "slot_contentregion_0": 24, "slot_cropimage_0": 25, "slot_croppedimageurl_0": 26, "slot_currentpath_0": 27, "slot_nodepagepathornodeid_0": 28, "slot_sectionfieldname_0": 29, "slot_sectionfieldvalue_0": 30, "slot_usercropimage_0": 31}, "num_features": 58, "slot_feature_len": 11, "user_feature_len": 21}, "use_intent_probabilities": false}