{
  "rasa_nlu_data": {
    "common_examples": [
      {
        "intent": "greet",
        "text": "Hello"
      },
      {
        "intent": "goodbye",
        "text": "goodbye"
      },
      {
        "intent": "greet",
        "text": "hey"
      },
      {
        "intent": "greet",
        "text": "hello"
      },
      {
        "intent": "greet",
        "text": "hi"
      },
      {
        "intent": "greet",
        "text": "heya"
      },
      {
        "intent": "greet",
        "text": "howdy"
      },
      {
        "intent": "greet",
        "text": "hey there"
      },
      {
        "intent": "goodbye",
        "text": "bye"
      },
      {
        "intent": "goodbye",
        "text": "goodbye"
      },
      {
        "intent": "goodbye",
        "text": "bye bye"
      },
      {
        "intent": "goodbye",
        "text": "see ya"
      },
      {
        "intent": "goodbye",
        "text": "see you later"
      },
      {
        "intent": "request_cropimagepath",
        "text": "image crop"
      },
      {
        "intent": "request_cropimagepath",
        "text": "crop based on face detection"
      },
      {
        "intent": "request_cropimagepath",
        "text": "face detection crop"
      },
      {
        "intent": "request_addblock",
        "text": "add a block"
      },
      {
        "intent": "request_addblock",
        "text": "add a block to the page"
      },
      {
        "intent": "request_addblock",
        "text": "add block"
      },
      {
        "intent": "request_addblock",
        "text": "insert block"
      },
      {
        "intent": "request_addblock",
        "text": "block"
      },
      {
        "intent": "addtopagesection",
        "text": "add to section"
      },
      {
        "intent": "addtopagesection",
        "text": "show section"
      },
      {
        "intent": "addtopagesection",
        "text": "section"
      }
    ],
    "regex_features": [
      {
        "name": "blockbodycontent",
        "pattern": ".*"
      },
      {
        "name": "blockdescription",
        "pattern": ".*"
      },
      {
        "name": "blocktitle",
        "pattern": ".*"
      },
      {
        "name": "cropimage",
        "pattern": ".*"
      }
    ],
    "lookup_tables": [],
    "entity_synonyms": []
  }
}